,login,created_at,today_at,age_in_days
0,Zadagu,2012-10-06,2023-09-27,4008
1,phoracek,2013-02-06,2023-09-27,3885
2,morganholly,2022-01-26,2023-09-27,609
3,werman,2013-03-28,2023-09-27,3835
4,cosinekitty,2015-03-28,2023-09-27,3105
5,jarkkojs,2009-08-05,2023-09-27,5166
6,hectorbennett,2016-11-07,2023-09-27,2515
7,xuan25,2017-06-27,2023-09-27,2283
8,fredguest,2011-10-22,2023-09-27,4358
9,gregkare,2008-12-30,2023-09-27,5384
10,ahihi,2011-04-19,2023-09-27,4544
11,azur1s,2020-11-05,2023-09-27,1056
12,tiborvass,2011-06-03,2023-09-27,4499
13,tobiashienzsch,2018-07-15,2023-09-27,1900
14,crowbait,2017-08-31,2023-09-27,2218
15,Henry00IS,2014-06-16,2023-09-27,3390
16,khrykin,2013-10-13,2023-09-27,3636
17,christofmuc,2013-07-14,2023-09-27,3727
18,BrunoVernay,2009-09-28,2023-09-27,5112
19,KaiMikkelsen,2018-09-28,2023-09-27,1825
20,audetto,2010-02-28,2023-09-27,4959
21,TimoSalomaki,2012-06-04,2023-09-27,4132
22,dsp-re,2022-12-04,2023-09-27,297
23,XieJiSS,2016-12-20,2023-09-27,2472
24,Andreya-Autumn,2022-05-14,2023-09-27,501
25,alessio,2010-03-24,2023-09-27,4935
26,Bleakill,2018-01-17,2023-09-27,2079
27,unlessgames,2018-04-25,2023-09-27,1981
28,Flixor,2019-03-19,2023-09-27,1653
29,iv-m,2016-01-06,2023-09-27,2821
30,HarrisonBubbles,2019-05-29,2023-09-27,1582
31,nozomimiyamori,2018-02-16,2023-09-27,2049
32,matdombrock,2012-03-06,2023-09-27,4222
33,artfwo,2011-03-25,2023-09-27,4569
34,amyfurniss,2015-02-10,2023-09-27,3151
35,stfufane,2016-06-20,2023-09-27,2655
36,SimonZimmer,2017-05-03,2023-09-27,2338
37,maxwellmattryan,2018-11-09,2023-09-27,1783
38,abique,2008-10-27,2023-09-27,5448
39,emanuelemessina,2017-09-02,2023-09-27,2216
40,MeijisIrlnd,2018-04-09,2023-09-27,1997
41,essej,2012-04-25,2023-09-27,4172
42,insomnimus,2020-10-19,2023-09-27,1073
43,drobilla,2010-08-12,2023-09-27,4794
44,FangCunWuChang,2018-07-05,2023-09-27,1910
45,soerensen3,2014-07-30,2023-09-27,3346
46,mtmccrea,2011-07-18,2023-09-27,4454
47,ArtemPopof,2013-08-04,2023-09-27,3706
48,mpusch88,2015-03-12,2023-09-27,3121
49,hannesbraun,2018-03-21,2023-09-27,2016
50,Spiffyk,2012-07-25,2023-09-27,4081
51,vgorloff,2013-01-06,2023-09-27,3916
52,igorski,2011-04-14,2023-09-27,4549
53,notwa,2012-02-22,2023-09-27,4235
54,YeshiNamkhai,2013-06-29,2023-09-27,3742
55,asimilon,2013-11-18,2023-09-27,3600
56,FigBug,2011-12-17,2023-09-27,4302
57,Mrugalla,2019-09-05,2023-09-27,1483
58,stephanvalentan,2020-01-15,2023-09-27,1351
59,waddafunk,2019-10-23,2023-09-27,1435
60,con-f-use,2015-02-22,2023-09-27,3139
61,ChromaticIsobar,2014-11-13,2023-09-27,3240
62,kesara,2011-09-05,2023-09-27,4405
63,pkstone,2014-03-05,2023-09-27,3493
64,kant,2008-11-05,2023-09-27,5439
65,bgergely0,2019-05-16,2023-09-27,1595
66,foxacid7cd,2016-09-01,2023-09-27,2582
67,varlen,2013-05-22,2023-09-27,3780
68,datajake1999,2016-11-21,2023-09-27,2501
69,brayschurman,2014-09-22,2023-09-27,3292
70,paulfd,2015-10-21,2023-09-27,2898
71,flafflar,2019-03-30,2023-09-27,1642
72,magnetophon,2014-05-20,2023-09-27,3417
73,hx-ux,2020-07-13,2023-09-27,1171
74,kebby,2012-04-14,2023-09-27,4183
75,stez-mind,2015-01-09,2023-09-27,3183
76,vertver,2017-04-18,2023-09-27,2353
77,jthorborg,2017-05-16,2023-09-27,2325
78,haszari,2013-04-16,2023-09-27,3816
79,BLumia,2014-12-06,2023-09-27,3217
80,johnfmcrae,2020-03-24,2023-09-27,1282
81,GrieferPig,2019-05-05,2023-09-27,1606
82,shaduzlabs,2011-05-23,2023-09-27,4510
83,s-oram,2011-10-25,2023-09-27,4355
84,ashokfernandez,2012-07-30,2023-09-27,4076
85,likelian,2020-11-06,2023-09-27,1055
86,mwicat,2010-02-03,2023-09-27,4984
87,rehans,2013-04-05,2023-09-27,3827
88,defrankland,2016-05-11,2023-09-27,2695
89,nobrakal,2014-01-16,2023-09-27,3541
90,xunil-cloud,2019-12-19,2023-09-27,1378
91,Lolitron-0,2020-07-03,2023-09-27,1181
92,seven-phases-max,2013-08-25,2023-09-27,3685
93,ffDaniel,2019-01-22,2023-09-27,1709
94,jesselang,2008-12-24,2023-09-27,5390
95,elovian,2020-10-04,2023-09-27,1088
96,polarity,2009-11-01,2023-09-27,5078
97,GabSpira,2020-05-14,2023-09-27,1231
98,mfisher31,2011-06-27,2023-09-27,4475
99,x42,2008-10-21,2023-09-27,5454
100,imchristina,2013-01-30,2023-09-27,3892
101,Juanmalopezg,2017-08-22,2023-09-27,2227
102,RBLG,2018-03-19,2023-09-27,2018
103,prof-spock,2017-03-01,2023-09-27,2401
104,Ahornberg,2018-01-13,2023-09-27,2083
105,johannkipping,2016-01-17,2023-09-27,2810
106,david6983,2017-12-12,2023-09-27,2115
107,gamingrobot,2011-12-26,2023-09-27,4293
108,gitter-badger,2014-08-21,2023-09-27,3324
109,samuelebh,2019-11-27,2023-09-27,1400
110,onereddogmedia,2010-10-22,2023-09-27,4723
111,segwin,2015-02-10,2023-09-27,3151
112,tomto66,2018-11-08,2023-09-27,1784
113,codesee-maps[bot],2021-06-22,2023-09-27,827
114,nmkahlen,2020-03-25,2023-09-27,1281
115,hfiguiere,2009-08-12,2023-09-27,5159
116,City-busz,2010-12-20,2023-09-27,4664
117,swesterfeld,2015-09-25,2023-09-27,2924
118,sainsay,2014-09-11,2023-09-27,3303
119,mightynerd,2013-10-11,2023-09-27,3638
120,Kingston1,2013-09-07,2023-09-27,3672
121,sdeleon28,2011-02-23,2023-09-27,4599
122,Emmet-Hayes,2018-12-01,2023-09-27,1761
123,aidv,2013-08-26,2023-09-27,3684
124,adammurdocknh,2013-11-12,2023-09-27,3606
125,dingodoppelt,2020-03-24,2023-09-27,1282
126,jokiesinger,2021-03-03,2023-09-27,938
127,ntomassetti,2013-04-30,2023-09-27,3802
128,MichaelBokatius,2020-04-20,2023-09-27,1255
129,rikardfalkeborn,2013-06-26,2023-09-27,3745
130,fpesari,2019-07-09,2023-09-27,1541
131,rklogan,2019-01-24,2023-09-27,1707
132,VirtualRaven,2015-08-23,2023-09-27,2957
133,JimmyBenKlieve,2015-03-29,2023-09-27,3104
134,VincyZed,2019-04-30,2023-09-27,1611
135,TheQuinbox,2021-05-22,2023-09-27,858
136,tpltnt,2011-11-04,2023-09-27,4345
137,FilipeChagasDev,2017-03-05,2023-09-27,2397
138,olivier-pago,2018-01-26,2023-09-27,2070
139,pdesaulniers,2016-11-24,2023-09-27,2498
140,apohl79,2011-10-14,2023-09-27,4366
141,koernepr,2016-12-13,2023-09-27,2479
142,orowith2os,2021-10-26,2023-09-27,701
143,rghvdberg,2015-01-26,2023-09-27,3166
144,DoomyDwyer,2015-08-29,2023-09-27,2951
145,marklit,2010-08-10,2023-09-27,4796
146,shimaore,2009-02-17,2023-09-27,5335
147,zamaudio,2013-01-01,2023-09-27,3921
148,baconpaul,2015-07-17,2023-09-27,2994
149,nickdowell,2009-03-09,2023-09-27,5315
150,klknn,2019-11-06,2023-09-27,1421
151,Lunix-420,2020-12-30,2023-09-27,1001
152,leomccormack,2018-02-16,2023-09-27,2049
153,trirpi,2015-12-16,2023-09-27,2842
154,jatinchowdhury18,2015-08-10,2023-09-27,2970
155,aliefhooghe,2017-09-14,2023-09-27,2204
156,narenratan,2019-11-03,2023-09-27,1424
157,OlliV,2012-02-02,2023-09-27,4255
158,jwharrie,2017-10-21,2023-09-27,2167
159,RickBn,2020-06-12,2023-09-27,1202
160,TheTechnobear,2013-03-31,2023-09-27,3832
161,sabeiro,2014-02-12,2023-09-27,3514
162,alxtim10,2021-06-03,2023-09-27,846
163,martinic,2015-07-01,2023-09-27,3010
164,ctsexton,2017-09-23,2023-09-27,2195
165,cvde,2013-06-30,2023-09-27,3741
166,AnClark,2015-06-13,2023-09-27,3028
167,Leonidius20,2017-02-03,2023-09-27,2427
168,wolf-tickets,2016-09-13,2023-09-27,2570
169,hwakimoto,2015-02-02,2023-09-27,3159
170,fillipp97,2020-05-14,2023-09-27,1231
171,astra137,2014-08-01,2023-09-27,3344
172,Xenakios,2012-09-23,2023-09-27,4021
173,THMS-RA,2021-11-05,2023-09-27,691
174,KaiDrange,2015-08-30,2023-09-27,2950
175,defuse,2013-04-20,2023-09-27,3812
176,KaixoCode,2017-11-10,2023-09-27,2147
177,olicash,2017-05-06,2023-09-27,2335
178,Archie3d,2013-10-25,2023-09-27,3624
179,p4thie,2020-04-19,2023-09-27,1256
180,Sentinel77,2016-03-22,2023-09-27,2745
181,michael-truscott,2013-08-06,2023-09-27,3704
182,valsteen,2010-08-31,2023-09-27,4775
183,ptablas,2023-02-13,2023-09-27,226
184,uchidama,2013-04-17,2023-09-27,3815
185,EvaBMilton,2018-01-26,2023-09-27,2070
186,vitreo12,2017-09-18,2023-09-27,2200
187,Speechrezz,2017-04-16,2023-09-27,2355
188,showlabor,2012-04-19,2023-09-27,4178
189,olilarkin,2011-03-07,2023-09-27,4587
190,zrna-research,2019-02-17,2023-09-27,1683
191,unfa,2010-11-22,2023-09-27,4692
192,vvvar,2017-09-27,2023-09-27,2191
193,atsushieno,2009-02-12,2023-09-27,5340
194,jeremybernstein,2010-09-28,2023-09-27,4747
195,iamtakingithard,2021-05-21,2023-09-27,859
196,Mg32,2012-08-05,2023-09-27,4070
197,0mk,2016-04-22,2023-09-27,2714
198,joshua-maros,2020-01-24,2023-09-27,1342
199,Kareus,2017-03-11,2023-09-27,2391
200,sharki13,2014-04-01,2023-09-27,3466
201,github-actions[bot],2018-07-30,2023-09-27,1885
202,DamRsn,2019-10-10,2023-09-27,1448
203,LensPlaysGames,2020-08-13,2023-09-27,1140
204,rorywalsh,2012-10-31,2023-09-27,3983
205,Simon-L,2012-10-13,2023-09-27,4001
206,planaria,2012-05-19,2023-09-27,4148
207,killbizz,2018-11-29,2023-09-27,1763
208,clefru,2010-10-18,2023-09-27,4727
209,vallant,2015-02-25,2023-09-27,3136
210,StunnedByMusic,2022-09-02,2023-09-27,390
211,EnigmaCurry,2008-12-28,2023-09-27,5386
212,petersalomonsen,2014-11-15,2023-09-27,3238
213,bartoszOsn,2019-05-13,2023-09-27,1598
214,DBraun,2012-08-04,2023-09-27,4071
215,njazz,2013-03-28,2023-09-27,3835
216,georgkrause,2011-07-26,2023-09-27,4446
217,zezic,2012-07-09,2023-09-27,4097
218,reales,2015-08-08,2023-09-27,2972
219,luzpaz,2013-04-12,2023-09-27,3820
220,snd1,2013-06-17,2023-09-27,3754
221,matt32106,2014-05-12,2023-09-27,3425
222,dvzrv,2010-10-08,2023-09-27,4737
223,almalh,2017-07-18,2023-09-27,2262
224,SambaGodschynski,2015-09-20,2023-09-27,2929
225,tico-tico,2015-01-26,2023-09-27,3166
226,blackjid,2010-03-22,2023-09-27,4937
227,DonStroganotti,2014-04-29,2023-09-27,3438
228,Adealeus,2020-05-03,2023-09-27,1242
229,ypujante,2010-08-07,2023-09-27,4799
230,rijadhubana,2020-07-25,2023-09-27,1159
231,HamiltonEB,2022-04-07,2023-09-27,538
232,KevinToodlepoot,2020-04-02,2023-09-27,1273
233,hotwatermorning,2010-08-10,2023-09-27,4796
234,almostdefinitelycode,2023-01-16,2023-09-27,254
235,trebmuh,2014-09-09,2023-09-27,3305
236,WeirdConstructor,2017-05-20,2023-09-27,2321
237,sophiapoirier,2012-12-08,2023-09-27,3945
238,robbert-vdh,2011-04-24,2023-09-27,4539
239,miyagui,2013-02-01,2023-09-27,3890
240,mzuther,2010-06-28,2023-09-27,4839
241,theGreatWhiteShark,2015-09-07,2023-09-27,2942
242,gnac,2012-09-28,2023-09-27,4016
243,kzantow,2012-12-10,2023-09-27,3943
244,JanosGit,2015-08-14,2023-09-27,2966
245,patriceguyot,2014-04-08,2023-09-27,3459
246,haenkel,2022-02-24,2023-09-27,580
247,szkkng,2020-03-09,2023-09-27,1297
248,johanLsp,2014-06-18,2023-09-27,3388
249,maoule,2014-04-09,2023-09-27,3458
250,codecat,2009-10-07,2023-09-27,5103
251,HabzdaBalint,2023-02-21,2023-09-27,218
252,monkeywithacupcake,2014-04-16,2023-09-27,3451
253,mvf,2010-06-14,2023-09-27,4853
254,chirs241097,2015-03-21,2023-09-27,3112
255,w23,2010-07-02,2023-09-27,4835
256,nphilipp,2011-05-31,2023-09-27,4502
257,alarixnia,2017-06-19,2023-09-27,2291
258,Iunusov,2016-10-22,2023-09-27,2531
259,luca-bondi,2013-09-27,2023-09-27,3652
260,Husenap,2014-01-24,2023-09-27,3533
261,TobiasKozel,2019-11-09,2023-09-27,1418
262,konstice,2020-07-07,2023-09-27,1177
263,K0rrid0r,2019-10-18,2023-09-27,1440
264,falkTX,2012-01-16,2023-09-27,4272
265,whydoubt,2012-10-26,2023-09-27,3988
266,lukemcraig,2017-05-23,2023-09-27,2318
267,vihdzp,2020-05-16,2023-09-27,1229
268,ABSounds,2023-04-10,2023-09-27,170
269,schnitzeltony,2012-10-16,2023-09-27,3998
270,LeifBloomquist,2012-11-03,2023-09-27,3980
271,GiorgosKoulouris,2021-03-05,2023-09-27,936
272,scriptorum,2012-12-28,2023-09-27,3925
273,Squishy47,2016-05-18,2023-09-27,2688
274,r-value,2017-07-12,2023-09-27,2268
275,reidevries,2017-02-18,2023-09-27,2412
276,pfeeyatko,2013-10-04,2023-09-27,3645
277,tartina,2013-05-16,2023-09-27,3786
278,thezhe,2018-08-26,2023-09-27,1858
279,p-hlp,2017-08-06,2023-09-27,2243
280,poettig,2016-06-15,2023-09-27,2660
281,toasty-ghost,2019-01-24,2023-09-27,1707
282,selenologist,2015-11-30,2023-09-27,2858
283,ddf,2009-10-19,2023-09-27,5091
284,dchan3,2015-03-07,2023-09-27,3126
285,lawl,2011-03-20,2023-09-27,4574
286,jerryuhoo,2016-11-29,2023-09-27,2493
287,peterrudenko,2012-07-16,2023-09-27,4090
288,lucianoiam,2011-07-21,2023-09-27,4451
289,tejas1993,2013-11-07,2023-09-27,3611
290,ZonderP,2014-04-05,2023-09-27,3462
291,NeelKanth333,2021-02-18,2023-09-27,951
292,Firedude1,2018-02-07,2023-09-27,2058
293,maxklint,2015-05-22,2023-09-27,3050
294,eulmour,2020-04-20,2023-09-27,1255
295,kcuric,2017-07-08,2023-09-27,2272
296,badshah400,2013-02-11,2023-09-27,3880
297,MikeMorenoDSP,2013-01-17,2023-09-27,3905
298,Alexander-Zyurkalov,2017-08-25,2023-09-27,2224
299,LeStahL,2014-05-21,2023-09-27,3416
300,alexyer,2013-01-05,2023-09-27,3917
301,SoundDevelopment,2021-01-05,2023-09-27,995
302,jessica-luo,2021-04-11,2023-09-27,899
303,ChaseDurand,2019-05-21,2023-09-27,1590
304,enlitengas,2017-03-21,2023-09-27,2381
305,tgalpha,2020-02-22,2023-09-27,1313
306,messmerd,2017-11-07,2023-09-27,2150
307,mkruselj,2012-09-21,2023-09-27,4023
308,t-sin,2013-05-11,2023-09-27,3791
309,vchernin,2018-04-29,2023-09-27,1977
310,JohT,2014-05-22,2023-09-27,3415
311,qbroquetas,2017-08-22,2023-09-27,2227
312,JamesStubbsEng,2020-04-26,2023-09-27,1249
313,canokaue,2017-08-01,2023-09-27,2248
314,essenbee,2014-06-24,2023-09-27,3382
315,RickTaylor79,2019-07-27,2023-09-27,1523
316,ffAudio,2016-02-24,2023-09-27,2772
317,johannes-mueller,2013-11-10,2023-09-27,3608
318,nberr,2015-02-06,2023-09-27,3155
319,michaelwillis,2011-04-19,2023-09-27,4544
320,hzdgopher,2015-08-11,2023-09-27,2969
321,jonkerj,2011-08-01,2023-09-27,4440
322,LGoodacre,2016-09-13,2023-09-27,2570
323,dragonsploder,2017-01-01,2023-09-27,2460
324,mx,2014-11-08,2023-09-27,3245
325,usdivad,2012-11-23,2023-09-27,3960
326,Fire-wood,2017-06-19,2023-09-27,2291
327,psemiletov,2014-07-15,2023-09-27,3361
328,theuser27,2019-03-04,2023-09-27,1668
329,TaleTN,2013-10-20,2023-09-27,3629
330,THS-on,2015-02-04,2023-09-27,3157
331,krmnn,2011-07-19,2023-09-27,4453
332,strikles,2019-12-04,2023-09-27,1393
333,utokusa,2019-08-27,2023-09-27,1492
334,tparker48,2017-10-13,2023-09-27,2175
335,reillypascal,2021-11-16,2023-09-27,680
336,bubblefrog,2013-11-14,2023-09-27,3604
337,anandsshah,2023-09-24,2023-09-27,3
338,wilzh40,2014-04-30,2023-09-27,3437
339,trummerschlunk,2016-05-15,2023-09-27,2691
340,mmomentum,2019-11-28,2023-09-27,1399
341,TheAvalanche,2014-03-05,2023-09-27,3493
342,marclava,2019-04-28,2023-09-27,1613
343,JoergBitzer,2014-04-07,2023-09-27,3460
344,gwilherm,2011-08-31,2023-09-27,4410
345,silver-yar,2018-08-14,2023-09-27,1870
346,barneyhill,2018-09-29,2023-09-27,1824
347,chrigervi,2021-03-15,2023-09-27,926
348,jpcima,2016-03-03,2023-09-27,2764
349,caleqw2,2019-09-08,2023-09-27,1480
350,JosephTLyons,2016-06-11,2023-09-27,2664
351,rickgiantsteps,2022-04-08,2023-09-27,537
352,AlexW00,2019-09-19,2023-09-27,1469
353,Matteo-Scerbo,2016-04-26,2023-09-27,2710
354,redtide,2011-11-04,2023-09-27,4345
355,kurasu,2014-06-12,2023-09-27,3394
356,james34602,2013-07-02,2023-09-27,3739
357,itsmedavep,2015-02-19,2023-09-27,3142
358,hsetlik,2018-05-25,2023-09-27,1951
359,ilamen,2017-09-13,2023-09-27,2205
360,esaruoho,2013-07-08,2023-09-27,3733
361,ales-tsurko,2014-09-07,2023-09-27,3307
362,lkiesow,2011-08-27,2023-09-27,4414
363,midilab,2013-02-27,2023-09-27,3864
364,JacobACan,2021-08-23,2023-09-27,765
365,kmturley,2012-05-06,2023-09-27,4161
366,crsaracco,2013-03-29,2023-09-27,3834
367,marekjedrzejewski,2014-02-26,2023-09-27,3500
368,jcfischer,2008-03-14,2023-09-27,5675
369,JorgenPo,2013-12-16,2023-09-27,3572
370,blaketeres,2015-02-19,2023-09-27,3142
371,cpdt,2015-11-30,2023-09-27,2858
372,fukuroder,2012-12-02,2023-09-27,3951
373,davemollen,2019-04-22,2023-09-27,1619
374,tom7,2010-11-27,2023-09-27,4687
375,ryanpmcguire,2021-06-16,2023-09-27,833
376,Wertzui123,2018-12-27,2023-09-27,1735
377,ajboni,2015-05-23,2023-09-27,3049
378,johncollinson2001,2015-08-03,2023-09-27,2977
379,dromer,2011-11-10,2023-09-27,4339
380,shdrmr,2015-07-24,2023-09-27,2987
381,suzumushi0,2020-06-20,2023-09-27,1194
382,ThmsRa,2020-05-22,2023-09-27,1223
383,dozius,2015-04-19,2023-09-27,3083
384,chris-hld,2015-02-03,2023-09-27,3158
385,Djaugo,2021-11-16,2023-09-27,680
386,attilammagyar,2010-08-14,2023-09-27,4792
387,nixxcode,2019-01-20,2023-09-27,1711
388,KottV,2013-06-13,2023-09-27,3758
389,nathanjhood,2022-01-14,2023-09-27,621
390,morukutsu,2012-08-29,2023-09-27,4046
391,YPares,2012-01-24,2023-09-27,4264
392,Seld17,2018-01-20,2023-09-27,2076
393,sadmemelord,2020-10-30,2023-09-27,1062
394,Cyril-Meyer,2020-08-04,2023-09-27,1149
395,dmollen,2021-12-02,2023-09-27,664
396,17cupsofcoffee,2011-05-12,2023-09-27,4521
397,gregormcw,2020-03-25,2023-09-27,1281
398,greatest-ape,2016-03-19,2023-09-27,2748
399,asb2m10,2013-06-01,2023-09-27,3770
400,hollance,2010-07-28,2023-09-27,4809
401,dependabot[bot],2019-04-16,2023-09-27,1625
402,T0NIT0RMX,2015-05-26,2023-09-27,3046
403,lnicola,2010-06-18,2023-09-27,4849
404,xyproto,2009-02-08,2023-09-27,5344
405,monomadic,2009-09-21,2023-09-27,5119
406,dmultiply,2022-11-29,2023-09-27,302
407,mariusz96,2020-03-19,2023-09-27,1287
408,DropSnorz,2015-11-22,2023-09-27,2866
409,rm8x,2015-04-04,2023-09-27,3098
410,suroge,2019-09-07,2023-09-27,1481
411,Mc-Zen,2019-07-14,2023-09-27,1536
412,EmilianStankov,2013-12-15,2023-09-27,3573
413,theglobe,2011-12-03,2023-09-27,4316
414,SpotlightKid,2013-10-18,2023-09-27,3631
415,BunnyFiscuit,2014-08-20,2023-09-27,3325
416,unevens,2014-08-17,2023-09-27,3328
417,renovate[bot],2017-06-02,2023-09-27,2308
